id,user_id,type_id,value,color,desc
2,null,1,Эльф,null,null
3,null,1,Полуэльф,null,null
9,null,3,Лёгкие доспехи,null,null
5,null,9,Испуг,#f87171,"Испуганное существо получает помеху к проверкам характеристик и броскам атаки, пока источник испуга находится на линии его видимости.
Существо не может по своей воле переместиться ближе к источнику испуга."
6,null,9,Невидимость,#22d3ee,"Невидимое существо нельзя увидеть без помощи магии или особых способов восприятия. С точки зрения поиска существо находится в области крайне затруднённой видимости. Местоположение существа можно определить по шуму, которое оно издаёт, или по его следам.
Броски атаки против невидимки получают помеху, а броски атак самого невидимки получают преимущество."
10,null,4,Меч,null,null
12,null,3,Плащ,null,null
14,null,4,Простое оружие,null,null
15,null,4,Ручные арбалеты,null,null
16,null,4,Длинные мечи,null,null
17,null,4,Короткие мечи,null,null
18,null,5,Воровские инструменты,null,null
19,null,6,Эльфийский,null,null
20,null,6,Полуросликов,null,null
7,null,9,Обворожение,	#e879f9,"Обворожённое существо не может атаковать обворожившего или выбирать его целью вредоносных способностей или магических эффектов.
У обворожившего есть преимущество к любой проверке характеристики при общении с этим существом."
1,null,7,воплощение,#7bb56c,null
2,null,7,очарование,#b56ca8,null
3,null,7,ограждение,#b3b56c,null
4,null,7,иллюзия,#6ca1b5,null
5,null,7,преобразование,#6cb5a9,null
6,null,7,вызов,#b56c6c,null
7,null,7,прорицание,#adb56c,null
8,null,7,некромантия,#6c79b5,null
1,null,8,PHB,null,null
2,null,8,SCC,null,null
3,null,8,XGE,null,null
4,null,8,UASMT,null,null
5,null,8,MHH,null,null
6,null,8,GGR,null,null
7,null,8,AAG,null,null
8,null,8,PG,null,null
9,null,8,UAMM,null,null
10,null,8,ODL,null,null
11,null,8,UA22WotM,null,null
12,null,8,TDCS,null,null
13,null,8,DMf5E,null,null
14,null,8,TCE,null,null
15,null,8,IDRotF,null,null
16,null,8,UA21DO,null,null
17,null,8,GHtPG,null,null
18,null,8,UATOBM,null,null
19,null,8,SatO,null,null
20,null,8,UASS,null,null
21,null,8,FTD,null,null
22,null,8,UAFRW,null,null
23,null,8,LLK,null,null
24,null,8,AI,null,null
25,null,8,BMT,null,null
26,null,8,LH,null,null
27,null,8,EGtW,null,null
28,null,8,UACDW,null,null
29,null,8,SCAG,null,null
30,null,8,UA20POR,null,null
1,null,2,Волшебник,null,null
2,null,2,Колдун,null,null
3,null,2,Бард,null,null
4,null,2,Друид,null,null
5,null,2,Жрец,null,null
6,null,2,Паладин,null,null
7,null,2,Чародей,null,null
8,null,2,Следопыт,null,null
9,null,2,Шаман,null,null
10,null,2,Изобретатель,null,null
11,null,2,Магус,null,null
2,null,9,Выход из строя,#64748b,"Существо, выведенное из строя, не может совершать действия и ответные действия."
3,null,9,Глухота,#a78bfa,"Оглохшее существо не может слышать и автоматически проваливает проверки характеристик, требующие слуха."
10,null,9,Отравление,	#4ade80,Отравленное существо получает помеху к своим броскам атаки и проверкам характеристик.
13,null,9,Слепота,#64748b,"Ослеплённое существо не может видеть и автоматически проваливает проверки характеристик, требующие зрения.
Броски атаки против этого существа получают преимущество, а броски атак самого существа получают помеху."
1,null,1,Человек,null,"В большинстве миров люди — это самая молодая
из распространённых рас. Они поздно вышли на
мировую сцену и живут намного меньше, чем
дварфы, эльфы и драконы. Возможно, именно
краткость их жизней заставляет их стремиться достигнуть как можно большего в отведённый им
срок. А быть может, они хотят что-то доказать
старшим расам, и поэтому создают могучие империи, основанные на завоеваниях и торговле. Что
бы ни двигало ими, люди всегда были инноваторами и пионерами во всех мирах. "
1,null,9,Без сознания,#94a3b8,"Существо без сознания выведено из строя (не может совершать действия и ответные действия), не может перемещаться и говорить и не знает, что происходит вокруг него."
4,null,9,Захват,#fb923c,"Скорость захваченного существа равна о, и оно не получает пользы от бонусов к скорости.
Состояние прекращается, если захвативший выведен из строя (см. это состояние).
Состояние прекращается, если некий эффект выводит захваченного из зоны досягаемости захватившего, например когда его отбрасывает громовая волна."
8,null,9,Обездвиженность,#fbbf24,"Скорость обездвиженного существа равна о, и оно не получает пользы от бонусов к скорости.
Броски атаки против этого существа получают преимущество, а броски атак самого существа получают помеху.
Существо получает помеху к испытаниям Ловкости."
9,null,9,Окменение,#94a3b8,"Окаменевшее существо превращается в твёрдую неживую субстанцию (обычно камень) вместе со всеми немагическими предметами, которые носит или держит. Его вес увеличивается десятикратно, и оно перестаёт стареть.
Окаменевшее существо выведено из строя (не может совершать действия и ответные действия), не может перемещаться и говорить и не знает, что происходит вокруг него.
Броски атаки против него получают преимущество.
Существо автоматически проваливает испытания Силы и Ловкости.
У существа появляется устойчивость к любому урону.
Существо получает невосприимчивость к яду и болезни, но яд и болезнь, которыми оно заразилось ранее, не исцеляются, а лишь приостанавливают действие."
11,null,9,Паралич,#f472b6,"Парализованное существо выведено из строя (не может совершать действия и ответные действия) и не может ни перемещаться, ни говорить.
Существо автоматически проваливает испытания Силы и Ловкости.
Броски атаки против него получают преимущество.
Любая атака, попавшая по этому существу, — это критический удар, если атакующий находится в пределах 5 футов от цели."
12,null,9,Расплатстанность,#fb923c,"Распластавшееся существо может перемещаться только ползком, пока не встанет, тем самым прекратив состояние.
Существо получает помеху к своим броскам атаки.
Броски атак против этого существа имеют преимущество, если атакующий находится в пределах 5 футов от цели. В противном случае броски атак получают помеху."
14,null,9,Шок,	#facc15,"Шокированное существо выведено из строя (не может совершать действия и ответные действия), не может перемещаться и может говорить только прерывисто.
Существо автоматически проваливает испытания Силы и Ловкости.
Броски атаки против него получают преимущество."
12,null,2,Плут,null,null
18,null,4,Боевые топоры,null,null
19,null,4,Ручные топоры,null,null
20,null,4,Легкие молоты,null,null
21,null,4,Боевые молоты,null,null
21,null,6,Дварфский,null,null
22,null,6,Общий,null,null
19,null,5,Инструменты кузнеца,null,null
20,null,5,Инструменты пивовара,null,null
21,null,5,Инструменты каменщика,null,null
13,null,3,Средние доспехи,null,null
14,null,3,Щиты,null,null
15,null,3,Воинское оружие,null,null
4,null,1,Дварф,null,null
13,null,2,Варвар,null,null
23,null,6,Инфернальный,null,null
22,null,4,Боевые посохи,null,null
23,null,4,Дротики,null,null
24,null,4,Кинжалы,null,null
25,null,4,Легкие арбалеты,null,null
26,null,4,Пращи,null,null
5,null,1,Полурослик,null,null
6,null,1,Драконорожденный,null,null
7,null,1,Гном,null,null